GivenName,Surname,StreetAddress,City,Title,Username,Password,Country,TelephoneNumber,Occupation
Mary,Perez,2200 Clarksburg Park Road,Safford,Mrs.,Sers1954,gezuva1eeY2,US,928-348-5178,News reporter
Sharon,Fairley,3143 Oak Ridge Drive,Westphalia,Mrs.,Blentoreaday,coow9Wie0ei,US,573-455-2129,Line cook
Jason,Barcus,1250 Little Acres Lane,Fisher,Mr.,Infunig,sah3uTuxei,US,217-897-1719,Metal caster
Lori,Castaneda,3501 Single Street,Boston,Ms.,Museltole,Ow1po8ie,US,781-583-6042,Commentator
Kenny,Dyer,2761 Barnes Street,Orlando,Mr.,Adicullece,ahNi4eid9ye,US,407-230-5229,Traffic technician
Curtis,Greer,57 Wade Lane,SALLACHY,Mr.,Ofron1962,Mie5ohfie,GB,077 4296 1004,Material distribution
Terry,Walls,46 Hounslow Rd,SMIRISARY,Mr.,Scoleney,Ohquoh1dei,GB,070 3931 6257,Millwright
John,Hankins,2 Hart Road,NORTHFIELD,Mr.,Hims1991,oaFusoov4,GB,078 7126 5773,Messenger
Houston,Dysart,66 Middlewich Road,FLINTHAM,Mr.,Prawn1988,Ahc0oyeefoo,GB,078 8646 0705,U.S. Secret Service agent
David,Stinchcomb,9 Sea Road,LANGDON,Mr.,Fraidess,ohfeeja6uKah,GB,077 6454 0512,Hearing officer
Karen,Mabry,Ansbacher Strasse 38,Büchenbeuren,Ms.,Yourevervive,Wahnoo7OoD,DE,06543 48 62 73,Team assembler
Derek,Dennis,Rankestraße 12,Greding,Mr.,Theassion,riejohm0I,DE,08469 30 67 88,Industrial relations director
Madeline,Johnson,Hermannstrasse 77,Mörstadt,Ms.,Tionce,Mako6Iu8i,DE,06247 49 24 74,Manicurist
Emily,Medrano,Los-Angeles-Platz 65,Braunschweig,Mrs.,Loace1973,maeMeeg6phae,DE,053 84 37 76,Compensation specialist
Donald,Webb,Kurfuerstendamm 33,Eching,Mr.,Ounkentoot,hae9wiem6A,DE,089 87 74 22,EEO officer
Kristin,Tudor,4262 Brew Creek Rd,Gibsons,Ms.,Tweir1955,Dis7Sahb3ei,CA,604-840-8618,Time checker
Rosemary,Cobb,3073 184th Street,Edmonton,Mrs.,Andeight,Pha7Eipeenoh,CA,780-405-2850,Rigging slinger
Carrie,Cordoba,4858 James Street,Burnaby,Ms.,Enone1956,ooN9aiDughai,CA,604-834-9539,Record clerk
Maria,Henderson,566 Royal Avenue,New Westminster,Ms.,Wassitte,weiSh9laiJ2,CA,778-892-5493,Information systems manager
Donald,Durden,2318 Halsey Avenue,Toronto,Mr.,Obabounceept1988,pheen9ooKoo,CA,416-558-4121,Baggage porter
